ir_id,ir_sl_id,ir_type_nm,ir_ref_cd,ir_moved_qy
182,225,PO,14,210
183,185,PO,49,430
184,244,PO,5,430
185,12,PO,27,260
186,343,PO,24,180
187,302,PO,34,320
188,64,PO,1,240
189,213,PO,40,200
190,235,PO,6,200
191,292,PO,19,460
192,262,PO,32,300
193,169,PO,34,170
194,305,PO,13,360
195,13,PO,49,430
196,15,PO,10,130
197,295,PO,50,370
198,97,PO,17,310
199,237,PO,11,170
200,349,PO,12,130
201,244,PO,5,400
202,52,PO,20,220
203,300,PO,19,370
204,244,PO,5,500
205,184,PO,22,120
206,280,PO,1,240
207,221,PO,30,410
208,302,PO,34,360
209,47,PO,19,150
210,237,PO,11,170
211,184,PO,23,410
212,97,PO,17,100
213,124,PO,16,330
214,296,PO,3,230
215,142,PO,38,400
216,58,PO,36,430
217,157,PO,16,330
218,3,PO,48,110
219,205,PO,33,340
220,24,PO,2,250
221,32,PO,37,190
222,344,PO,17,310
223,309,PO,22,330
224,185,PO,38,400
225,301,PO,23,410
226,249,PO,49,300
227,38,PO,1,130
228,2,PO,39,110
229,293,PO,21,100
230,251,PO,34,440
231,185,PO,49,430
232,289,PO,25,490
233,276,PO,11,100
234,343,PO,24,180
235,265,PO,36,250
236,176,PO,4,290
237,220,PO,13,360
238,121,PO,22,330
239,18,PO,18,470
240,280,PO,19,370
241,64,PO,1,340
242,185,PO,38,370
243,56,PO,25,160
244,297,PO,37,190
245,98,PO,8,370
246,136,PO,50,370
247,16,PO,33,240
248,177,PO,35,170
249,166,PO,40,230
250,38,PO,1,340
251,220,PO,13,440
252,289,PO,25,480
253,215,PO,47,330
254,292,PO,15,380
255,292,PO,15,420
256,332,PO,44,200
257,256,PO,7,110
258,193,PO,44,110
259,2,PO,39,490
260,163,PO,40,400
261,140,PO,7,300
262,24,PO,48,110
263,280,PO,19,260
264,220,PO,13,150
265,162,PO,5,430
266,98,PO,23,160
267,251,PO,34,360
268,184,PO,22,160
269,138,PO,1,340
270,311,PO,27,300
271,296,PO,28,330
272,271,PO,18,270
273,254,PO,33,100
274,69,PO,4,290
275,328,PO,46,100
276,92,PO,33,270
277,329,PO,32,360
278,318,PO,16,290
279,102,PO,14,350
280,121,PO,34,170
281,200,PO,33,100
282,296,PO,28,330
283,79,PO,1,240
284,305,PO,13,140
285,294,PO,29,380
286,300,PO,32,300
287,53,PO,7,300
288,35,PO,11,170
289,75,PO,5,230
290,64,PO,30,190
291,24,PO,2,170
292,281,PO,29,380
293,31,PO,31,110
294,124,PO,16,170
295,89,PO,20,220
296,292,PO,19,100
297,242,PO,15,420
298,296,PO,3,110
299,98,PO,8,410
300,328,PO,46,100
301,296,PO,50,160
302,157,PO,16,330
303,216,PO,26,240
304,166,PO,40,230
305,300,PO,19,460
306,176,PO,28,330
307,293,PO,37,490
308,16,PO,33,240
309,24,PO,48,180
310,102,PO,14,210
311,2,PO,39,490
312,301,PO,23,200
313,90,PO,9,280
314,284,PO,20,360
315,136,PO,50,370
316,341,PO,26,140
317,169,PO,17,400
318,283,PO,22,270
319,102,PO,14,210
320,223,PO,49,350
321,292,PO,15,320
322,256,PO,7,260
323,248,PO,12,130
324,58,PO,36,460
325,147,PO,28,370
326,68,PO,45,340
327,349,PO,12,160
328,157,PO,16,320
329,294,PO,29,380
330,181,PO,11,170
331,185,PO,38,370
332,219,PO,14,460
333,249,PO,49,300
334,200,PO,5,340
335,12,PO,27,300
336,343,PO,24,390
337,99,PO,34,350
338,138,PO,1,240
339,213,PO,40,100
340,235,PO,6,200
341,292,PO,19,470
342,262,PO,32,300
343,169,PO,34,350
344,305,PO,13,150
345,223,PO,49,300
346,15,PO,10,130
347,296,PO,50,370
348,206,PO,17,400
349,35,PO,11,170
350,248,PO,12,130
351,244,PO,5,430
352,284,PO,20,220
353,280,PO,19,450
354,200,PO,5,500
355,283,PO,22,120
356,136,PO,1,450
357,221,PO,30,410
358,99,PO,34,320
359,280,PO,19,100
360,181,PO,11,110
361,301,PO,23,200
